Model,MAE,R2
MLR,0.013915092537864241,0.998196528198547
Lasso,0.033432720930852665,0.9869451246322491
XGBoost,0.029479650780558586,0.6832906007766724
